Workbook

Sheet README
A1: Item | B1: Relative path or note
A2: Python source | B2: src/create_excel_visualizations.py
A3: Excel workbook | B3: excel/excel_visualization_comparison.xlsx
A4: Heart input | B4: outputs/cleaned/heart_disease_cleaned.csv
A5: Appliances input | B5: outputs/cleaned/appliances_energy_cleaned.csv
A6: Heart Python source for comparison | B6: src/analyze_heart_disease.py
A7: Appliances Python source for comparison | B7: src/analyze_appliances_energy.py
A8: Formula note | B8: Heart stats sheet uses Excel formulas: AVERAGE, MEDIAN, STDEV.S, MIN, MAX, QUARTILE.INC.
A9: Formula note | B9: Appliances daily sheet stores daily mean, daily standard deviation, and log1p target used for charts.

Sheet Heart Raw
A1: age | B1: cp | C1: chol | D1: thalach | E1: trestbps | F1: oldpeak | G1: target_binary
A2: 63 | B2: 1 | C2: 233 | D2: 150 | E2: 145 | F2: 2.3 | G2: 0
A3: 67 | B3: 4 | C3: 286 | D3: 108 | E3: 160 | F3: 1.5 | G3: 1
A4: 67 | B4: 4 | C4: 229 | D4: 129 | E4: 120 | F4: 2.6 | G4: 1
A5: 37 | B5: 3 | C5: 250 | D5: 187 | E5: 130 | F5: 3.5 | G5: 0
A6: 41 | B6: 2 | C6: 204 | D6: 172 | E6: 130 | F6: 1.4 | G6: 0
A7: 56 | B7: 2 | C7: 236 | D7: 178 | E7: 120 | F7: 0.8 | G7: 0
A8: 62 | B8: 4 | C8: 268 | D8: 160 | E8: 140 | F8: 3.6 | G8: 1
A9: 57 | B9: 4 | C9: 354 | D9: 163 | E9: 120 | F9: 0.6 | G9: 0
A10: 63 | B10: 4 | C10: 254 | D10: 147 | E10: 130 | F10: 1.4 | G10: 1
A11: 53 | B11: 4 | C11: 203 | D11: 155 | E11: 140 | F11: 3.1 | G11: 1
A12: 57 | B12: 4 | C12: 192 | D12: 148 | E12: 140 | F12: 0.4 | G12: 0
A13: 56 | B13: 2 | C13: 294 | D13: 153 | E13: 140 | F13: 1.3 | G13: 0
... A304: 38 | B304: 3 | C304: 175 | D304: 173 | E304: 138 | F304: 0 | G304: 0

Sheet Heart Frequency
A1: cp | B1: count | C1: relative_frequency
A2: 1 | B2: 23 | C2: 0.075907591
A3: 2 | B3: 50 | C3: 0.1650165
A4: 3 | B4: 86 | C4: 0.28382838
A5: 4 | B5: 144 | C5: 0.47524752

Sheet Heart Stats
A1: variable | B1: mean | C1: median | D1: std | E1: min | F1: max | G1: iqr | H1: cv
A2: age | B2: =AVERAGE('Heart Raw'!$A$2:$A$304) -> 0 | C2: =MEDIAN('Heart Raw'!$A$2:$A$304) -> 0 | D2: =STDEV.S('Heart Raw'!$A$2:$A$304) -> 0 | E2: =MIN('Heart Raw'!$A$2:$A$304) -> 0 | F2: =MAX('Heart Raw'!$A$2:$A$304) -> 0 | G2: =QUARTILE.INC('Heart Raw'!$A$2:$A$304,3)-QUARTILE.INC('Heart Raw'!$A$2:$A$304,1) -> 0 | H2: =C2/B2 -> 0
A3: trestbps | B3: =AVERAGE('Heart Raw'!$E$2:$E$304) -> 0 | C3: =MEDIAN('Heart Raw'!$E$2:$E$304) -> 0 | D3: =STDEV.S('Heart Raw'!$E$2:$E$304) -> 0 | E3: =MIN('Heart Raw'!$E$2:$E$304) -> 0 | F3: =MAX('Heart Raw'!$E$2:$E$304) -> 0 | G3: =QUARTILE.INC('Heart Raw'!$E$2:$E$304,3)-QUARTILE.INC('Heart Raw'!$E$2:$E$304,1) -> 0 | H3: =C3/B3 -> 0
A4: chol | B4: =AVERAGE('Heart Raw'!$C$2:$C$304) -> 0 | C4: =MEDIAN('Heart Raw'!$C$2:$C$304) -> 0 | D4: =STDEV.S('Heart Raw'!$C$2:$C$304) -> 0 | E4: =MIN('Heart Raw'!$C$2:$C$304) -> 0 | F4: =MAX('Heart Raw'!$C$2:$C$304) -> 0 | G4: =QUARTILE.INC('Heart Raw'!$C$2:$C$304,3)-QUARTILE.INC('Heart Raw'!$C$2:$C$304,1) -> 0 | H4: =C4/B4 -> 0
A5: thalach | B5: =AVERAGE('Heart Raw'!$D$2:$D$304) -> 0 | C5: =MEDIAN('Heart Raw'!$D$2:$D$304) -> 0 | D5: =STDEV.S('Heart Raw'!$D$2:$D$304) -> 0 | E5: =MIN('Heart Raw'!$D$2:$D$304) -> 0 | F5: =MAX('Heart Raw'!$D$2:$D$304) -> 0 | G5: =QUARTILE.INC('Heart Raw'!$D$2:$D$304,3)-QUARTILE.INC('Heart Raw'!$D$2:$D$304,1) -> 0 | H5: =C5/B5 -> 0
A6: oldpeak | B6: =AVERAGE('Heart Raw'!$F$2:$F$304) -> 0 | C6: =MEDIAN('Heart Raw'!$F$2:$F$304) -> 0 | D6: =STDEV.S('Heart Raw'!$F$2:$F$304) -> 0 | E6: =MIN('Heart Raw'!$F$2:$F$304) -> 0 | F6: =MAX('Heart Raw'!$F$2:$F$304) -> 0 | G6: =QUARTILE.INC('Heart Raw'!$F$2:$F$304,3)-QUARTILE.INC('Heart Raw'!$F$2:$F$304,1) -> 0 | H6: =C6/B6 -> 0

Sheet Heart Scatter
A1: age | B1: thalach | C1: target_binary
A2: 63 | B2: 150 | C2: 0
A3: 67 | B3: 108 | C3: 1
A4: 67 | B4: 129 | C4: 1
A5: 37 | B5: 187 | C5: 0
A6: 41 | B6: 172 | C6: 0
A7: 56 | B7: 178 | C7: 0
A8: 62 | B8: 160 | C8: 1
A9: 57 | B9: 163 | C9: 0
A10: 63 | B10: 147 | C10: 1
A11: 53 | B11: 155 | C11: 1
A12: 57 | B12: 148 | C12: 0
A13: 56 | B13: 153 | C13: 0
... A304: 38 | B304: 173 | C304: 0

Sheet Appliances Daily
A1: day | B1: mean_appliances | C1: std_appliances | D1: mean_log1p
A2: 42380 | B2: 136.66667 | C2: 125.84673 | D2: 4.6504361
A3: 42381 | B3: 85.694444 | C3: 96.437615 | D3: 4.1365791
A4: 42382 | B4: 97.013889 | C4: 102.07689 | D4: 4.2256809
A5: 42383 | B5: 151.38889 | C5: 175.70482 | D5: 4.5489892
A6: 42384 | B6: 125.34722 | C6: 122.40545 | D6: 4.501446
A7: 42385 | B7: 125.27778 | C7: 146.65951 | D7: 4.4651035
A8: 42386 | B8: 142.70833 | C8: 147.44073 | D8: 4.6155952
A9: 42387 | B9: 93.958333 | C9: 144.93895 | D9: 4.0449116
A10: 42388 | B10: 83.263889 | C10: 112.73355 | D10: 4.0196126
A11: 42389 | B11: 114.44444 | C11: 128.42117 | D11: 4.3759106
A12: 42390 | B12: 92.638889 | C12: 141.42623 | D12: 4.1351618
A13: 42391 | B13: 45.694444 | C13: 47.653363 | D13: 3.6887682
... A139: 42517 | B139: 136.33028 | C139: 125.65134 | D139: 4.6307984

Sheet Appliances Sample
A1: Appliances | B1: Appliances_log1p | C1: T_out | D1: RH_out | E1: Windspeed | G1: Distribution source
A2: 40 | B2: 3.7135721 | C2: 1.77 | D2: 88.333333 | E2: 2.3333333 | G2: Use columns Appliances and Appliances_log1p to create Excel histograms.
A3: 90 | B3: 4.5108595 | C3: 2.7 | D3: 90 | E3: 3 | G3: Formula: log1p(Appliances) = LN(1 + Appliances).
A4: 50 | B4: 3.9318256 | C4: 0.2 | D4: 83 | E4: 2
A5: 50 | B5: 3.9318256 | C5: 8.85 | D5: 70.833333 | E5: 5.1666667
A6: 70 | B6: 4.2626799 | C6: -0.467 | D6: 93.333333 | E6: 4
A7: 120 | B7: 4.7957905 | C7: 7.55 | D7: 78.5 | E7: 3.5
A8: 120 | B8: 4.7957905 | C8: 6.57 | D8: 64.333333 | E8: 5.3333333
A9: 70 | B9: 4.2626799 | C9: 9.68 | D9: 67 | E9: 6
A10: 50 | B10: 3.9318256 | C10: 7.6 | D10: 88.666667 | E10: 2.6666667
A11: 70 | B11: 4.2626799 | C11: 3.17 | D11: 88.333333 | E11: 3
A12: 110 | B12: 4.7095302 | C12: 3.5 | D12: 83.333333 | E12: 8.3333333
A13: 70 | B13: 4.2626799 | C13: 10 | D13: 70.666667 | E13: 5.3333333
A14: 100 | B14: 4.6151205 | C14: 3.5 | D14: 78 | E14: 4
A15: 110 | B15: 4.7095302 | C15: 6.9 | D15: 96 | E15: 8
... A1001: 100 | B1001: 4.6151205 | C1001: 7.83 | D1001: 82.166667 | E1001: 4

Sheet Appliances Histogram
A1: raw_bin_midpoint | B1: raw_count | C1: log1p_bin_midpoint | D1: log1p_count
A2: 38.25 | B2: 393 | C2: 3.1339445 | D2: 22
A3: 74.75 | B3: 343 | C3: 3.3127887 | D3: 0
A4: 111.25 | B4: 123 | C4: 3.4916328 | D4: 34
A5: 147.75 | B5: 38 | C5: 3.670477 | D5: 107
A6: 184.25 | B6: 15 | C6: 3.8493212 | D6: 230
A7: 220.75 | B7: 11 | C7: 4.0281653 | D7: 137
A8: 257.25 | B8: 21 | C8: 4.2070095 | D8: 91
A9: 293.75 | B9: 14 | C9: 4.3858536 | D9: 55
A10: 330.25 | B10: 5 | C10: 4.5646978 | D10: 102
A11: 366.75 | B11: 6 | C11: 4.743542 | D11: 81
A12: 403.25 | B12: 15 | C12: 4.9223861 | D12: 29
A13: 439.75 | B13: 5 | C13: 5.1012303 | D13: 11
... A21: 731.75 | B21: 2 | C21: 6.5319836 | D21: 4
